YEAR,ENERGY_SOURCE,GENERATION_MWh
1990,Total,"102,071,533"
1990,Coal,"7,390,279"
1990,Hydroelectric Conventional,"87,466,708"
1990,Natural Gas,"288,058"
1990,Nuclear,"5,742,027"
1990,Other,"3,750"
1990,Other Biomass,"6,499"
1990,Other Gases,"8,460"
1990,Petroleum,"42,981"
1990,Pumped Storage,0
1990,Wood and Wood Derived Fuels,"1,122,771"
1991,Total,"102,870,562"
1991,Coal,"7,944,779"
1991,Hydroelectric Conventional,"89,342,397"
1991,Natural Gas,"460,424"
1991,Nuclear,"4,229,868"
1991,Other,3
1991,Other Biomass,"46,633"
1991,Other Gases,"97,467"
1991,Petroleum,"31,164"
1991,Pumped Storage,0
1991,Wood and Wood Derived Fuels,"717,827"
1992,Total,"86,482,429"
1992,Coal,"9,658,148"
1992,Hydroelectric Conventional,"68,324,659"
1992,Natural Gas,"1,273,763"
1992,Nuclear,"5,692,379"
1992,Other,1
1992,Other Biomass,"172,810"
1992,Other Gases,"234,023"
1992,Petroleum,"25,745"
1992,Pumped Storage,0
1992,Wood and Wood Derived Fuels,"1,100,901"
1993,Total,"87,995,776"
1993,Coal,"8,835,079"
1993,Hydroelectric Conventional,"67,312,383"
1993,Natural Gas,"3,197,945"
1993,Nuclear,"7,134,966"
1993,Other,7
1993,Other Biomass,"214,990"
1993,Other Gases,"222,852"
1993,Petroleum,"59,434"
1993,Pumped Storage,0
1993,Wood and Wood Derived Fuels,"1,018,120"
1994,Total,"88,586,476"
1994,Coal,"9,831,332"
1994,Hydroelectric Conventional,"65,575,487"
1994,Natural Gas,"4,820,582"
1994,Nuclear,"6,739,749"
1994,Other,"31,282"
1994,Other Biomass,"224,804"
1994,Other Gases,"299,161"
1994,Petroleum,"45,419"
1994,Pumped Storage,0
1994,Wood and Wood Derived Fuels,"1,018,660"
1995,Total,"102,197,586"
1995,Coal,"5,902,945"
1995,Hydroelectric Conventional,"82,500,153"
1995,Natural Gas,"4,889,604"
1995,Nuclear,"6,941,878"
1995,Other,179
1995,Other Biomass,"197,288"
1995,Other Gases,"550,836"
1995,Petroleum,"178,915"
1995,Pumped Storage,0
1995,Wood and Wood Derived Fuels,"1,035,788"
1996,Total,"118,658,132"
1996,Coal,"8,067,127"
1996,Hydroelectric Conventional,"98,517,855"
1996,Natural Gas,"4,707,267"
1996,Nuclear,"5,588,000"
1996,Other,"1,952"
1996,Other Biomass,"167,369"
1996,Other Gases,"300,221"
1996,Petroleum,"187,236"
1996,Pumped Storage,0
1996,Wood and Wood Derived Fuels,"1,121,105"
1997,Total,"122,126,167"
1997,Coal,"6,990,519"
1997,Hydroelectric Conventional,"104,170,551"
1997,Natural Gas,"2,961,661"
1997,Nuclear,"6,244,135"
1997,Other Biomass,"222,483"
1997,Other Gases,"290,495"
1997,Petroleum,"228,589"
1997,Pumped Storage,0
1997,Wood and Wood Derived Fuels,"1,017,734"
1998,Total,"102,158,508"
1998,Coal,"9,312,205"
1998,Hydroelectric Conventional,"79,814,652"
1998,Natural Gas,"4,346,349"
1998,Nuclear,"6,916,065"
1998,Other,"1,541"
1998,Other Biomass,"211,461"
1998,Other Gases,"348,881"
1998,Petroleum,"87,043"
1998,Pumped Storage,0
1998,Wood and Wood Derived Fuels,"1,120,311"
1999,Total,"117,084,018"
1999,Coal,"8,692,479"
1999,Hydroelectric Conventional,"96,989,382"
1999,Natural Gas,"3,707,237"
1999,Nuclear,"6,085,893"
1999,Other,44
1999,Other Biomass,"206,823"
1999,Other Gases,"221,354"
1999,Petroleum,"51,495"
1999,Pumped Storage,0
1999,Wood and Wood Derived Fuels,"1,129,311"
2000,Total,"108,236,880"
2000,Coal,"9,444,564"
2000,Hydroelectric Conventional,"80,262,889"
2000,Natural Gas,"7,700,226"
2000,Nuclear,"8,605,232"
2000,Other Biomass,"250,667"
2000,Other Gases,"247,892"
2000,Petroleum,"484,512"
2000,Pumped Storage,0
2000,Wood and Wood Derived Fuels,"1,240,898"
2001,Total,"83,048,669"
2001,Coal,"9,082,358"
2001,Hydroelectric Conventional,"54,733,895"
2001,Natural Gas,"9,374,245"
2001,Nuclear,"8,250,429"
2001,Other,"66,052"
2001,Other Biomass,"156,236"
2001,Petroleum,"320,359"
2001,Wood and Wood Derived Fuels,"1,065,095"
2002,Total,"102,765,048"
2002,Coal,"8,660,805"
2002,Hydroelectric Conventional,"78,166,664"
2002,Natural Gas,"4,719,311"
2002,Nuclear,"9,048,475"
2002,Other,"64,219"
2002,Other Biomass,"181,440"
2002,Other Gases,"312,638"
2002,Petroleum,"73,302"
2002,Pumped Storage,"-4,532"
2002,Wind,"416,581"
2002,Wood and Wood Derived Fuels,"1,126,145"
2003,Total,"100,094,691"
2003,Coal,"11,089,796"
2003,Hydroelectric Conventional,"71,756,783"
2003,Natural Gas,"7,082,605"
2003,Nuclear,"7,614,708"
2003,Other,"56,007"
2003,Other Biomass,"181,898"
2003,Other Gases,"303,188"
2003,Petroleum,"66,591"
2003,Pumped Storage,"-3,293"
2003,Wind,"603,674"
2003,Wood and Wood Derived Fuels,"1,342,733"
2004,Total,"102,165,052"
2004,Coal,"10,409,331"
2004,Hydroelectric Conventional,"71,575,700"
2004,Natural Gas,"8,468,800"
2004,Nuclear,"8,981,583"
2004,Other,"66,864"
2004,Other Biomass,"185,445"
2004,Other Gases,"275,284"
2004,Petroleum,"85,884"
2004,Pumped Storage,"-9,818"
2004,Wind,"736,576"
2004,Wood and Wood Derived Fuels,"1,389,403"
2005,Total,"101,965,850"
2005,Coal,"10,494,407"
2005,Hydroelectric Conventional,"72,074,649"
2005,Natural Gas,"8,578,546"
2005,Nuclear,"8,242,273"
2005,Other,"64,822"
2005,Other Biomass,"190,390"
2005,Other Gases,"321,724"
2005,Petroleum,"67,295"
2005,Pumped Storage,"8,473"
2005,Wind,"498,470"
2005,Wood and Wood Derived Fuels,"1,424,802"
2006,Total,"108,203,155"
2006,Coal,"6,372,823"
2006,Hydroelectric Conventional,"82,007,629"
2006,Natural Gas,"7,495,410"
2006,Nuclear,"9,328,277"
2006,Other,"62,185"
2006,Other Biomass,"184,014"
2006,Other Gases,"348,649"
2006,Petroleum,"38,230"
2006,Pumped Storage,"47,099"
2006,Wind,"1,037,651"
2006,Wood and Wood Derived Fuels,"1,281,189"
2007,Total,"106,990,217"
2007,Coal,"8,556,816"
2007,Hydroelectric Conventional,"78,829,195"
2007,Natural Gas,"7,287,394"
2007,Nuclear,"8,108,560"
2007,Other,"62,370"
2007,Other Biomass,"176,351"
2007,Other Gases,"333,773"
2007,Petroleum,"37,042"
2007,Pumped Storage,"44,512"
2007,Wind,"2,437,823"
2007,Wood and Wood Derived Fuels,"1,116,380"
2008,Total,"110,828,451"
2008,Coal,"8,761,644"
2008,Hydroelectric Conventional,"77,636,758"
2008,Natural Gas,"9,809,354"
2008,Nuclear,"9,269,639"
2008,Other,"56,377"
2008,Other Biomass,"167,881"
2008,Other Gases,"272,339"
2008,Petroleum,"35,189"
2008,Pumped Storage,"48,713"
2008,Solar Thermal and Photovoltaic,0
2008,Wind,"3,657,484"
2008,Wood and Wood Derived Fuels,"1,113,073"
2009,Total,"104,470,133"
2009,Coal,"7,477,773"
2009,Hydroelectric Conventional,"72,932,704"
2009,Natural Gas,"11,971,141"
2009,Nuclear,"6,634,014"
2009,Other,"58,956"
2009,Other Biomass,"167,023"
2009,Other Gases,"244,888"
2009,Petroleum,"53,604"
2009,Pumped Storage,"52,383"
2009,Solar Thermal and Photovoltaic,0
2009,Wind,"3,572,486"
2009,Wood and Wood Derived Fuels,"1,305,162"
2010,Total,"103,472,729"
2010,Coal,"8,526,933"
2010,Hydroelectric Conventional,"68,288,383"
2010,Natural Gas,"10,359,235"
2010,Nuclear,"9,241,133"
2010,Other,"62,259"
2010,Other Biomass,"196,370"
2010,Other Gases,"292,019"
2010,Petroleum,"32,476"
2010,Pumped Storage,"53,328"
2010,Solar Thermal and Photovoltaic,0
2010,Wind,"4,744,679"
2010,Wood and Wood Derived Fuels,"1,675,915"
2011,Total,"115,262,601"
2011,Coal,"5,228,585"
2011,Hydroelectric Conventional,"91,817,702"
2011,Natural Gas,"4,849,507"
2011,Nuclear,"4,806,278"
2011,Other,"159,915"
2011,Other Biomass,"168,872"
2011,Other Gases,"297,208"
2011,Petroleum,"37,147"
2011,Pumped Storage,"51,916"
2011,Solar Thermal and Photovoltaic,840
2011,Wind,"6,262,380"
2011,Wood and Wood Derived Fuels,"1,582,250"
2012,Total,"116,835,473"
2012,Coal,"3,762,957"
2012,Pumped Storage,"43,551"
2012,Hydroelectric Conventional,"89,464,355"
2012,Natural Gas,"5,437,593"
2012,Nuclear,"9,333,709"
2012,Other Gases,"405,337"
2012,Other,"146,910"
2012,Petroleum,"26,713"
2012,Solar Thermal and Photovoltaic,794
2012,Other Biomass,"238,989"
2012,Wind,"6,599,766"
2012,Wood and Wood Derived Fuels,"1,374,801"
2013,Total,"114,172,916"
2013,Coal,"6,740,425"
2013,Hydroelectric Conventional,"78,155,087"
2013,Natural Gas,"11,424,310"
2013,Nuclear,"8,460,890"
2013,Other,"129,103"
2013,Other Biomass,"283,904"
2013,Other Gases,"409,786"
2013,Petroleum,"24,363"
2013,Pumped Storage,"7,188"
2013,Solar Thermal and Photovoltaic,762
2013,Wind,"7,004,365"
2013,Wood and Wood Derived Fuels,"1,532,734"
2014,Total,"116,334,363"
2014,Coal,"6,719,928"
2014,Pumped Storage,"-4,753"
2014,Hydroelectric Conventional,"79,463,144"
2014,Natural Gas,"11,058,815"
2014,Nuclear,"9,497,321"
2014,Other Gases,"336,932"
2014,Other,"131,267"
2014,Petroleum,"23,541"
2014,Solar Thermal and Photovoltaic,729
2014,Other Biomass,"313,080"
2014,Wind,"7,267,794"
2014,Wood and Wood Derived Fuels,"1,526,564"
2015,Total,"109,287,458"
2015,Coal,"5,051,915"
2015,Pumped Storage,"40,021"
2015,Hydroelectric Conventional,"73,404,916"
2015,Natural Gas,"13,045,927"
2015,Nuclear,"8,160,912"
2015,Other Gases,"395,004"
2015,Other,"99,715"
2015,Petroleum,"21,671"
2015,Solar Thermal and Photovoltaic,790
2015,Other Biomass,"298,948"
2015,Wind,"7,075,385"
2015,Wood and Wood Derived Fuels,"1,692,254"
2016,Total,"114,086,582"
2016,Coal,"4,601,726"
2016,Pumped Storage,"-2,318"
2016,Hydroelectric Conventional,"78,345,809"
2016,Natural Gas,"10,982,195"
2016,Nuclear,"9,625,622"
2016,Other Gases,"401,642"
2016,Other,"59,751"
2016,Petroleum,"22,018"
2016,Solar Thermal and Photovoltaic,727
2016,Other Biomass,"299,322"
2016,Wind,"8,041,847"
2016,Wood and Wood Derived Fuels,"1,708,240"
2017,Total,"115,912,078"
2017,Coal,"5,489,504"
2017,Pumped Storage,"2,995"
2017,Hydroelectric Conventional,"82,182,855"
2017,Natural Gas,"10,849,269"
2017,Nuclear,"8,128,259"
2017,Other Gases,"355,925"
2017,Other,"55,942"
2017,Petroleum,"23,117"
2017,Solar Thermal and Photovoltaic,481
2017,Other Biomass,"327,973"
2017,Wind,"6,925,155"
2017,Wood and Wood Derived Fuels,"1,570,604"
2018,Total,"116,756,729"
2018,Coal,"5,382,866"
2018,Pumped Storage,"28,237"
2018,Hydroelectric Conventional,"80,883,377"
2018,Natural Gas,"10,535,078"
2018,Nuclear,"9,708,441"
2018,Other Gases,"430,840"
2018,Other,"59,265"
2018,Petroleum,"23,656"
2018,Solar Thermal and Photovoltaic,"1,695"
2018,Other Biomass,"231,707"
2018,Wind,"7,900,094"
2018,Wood and Wood Derived Fuels,"1,571,472"
2019,Total,"106,463,608"
2019,Coal,"7,170,102"
2019,Pumped Storage,"8,538"
2019,Hydroelectric Conventional,"66,018,323"
2019,Natural Gas,"15,728,673"
2019,Nuclear,"8,866,499"
2019,Other Gases,"322,190"
2019,Other,"66,195"
2019,Petroleum,"19,860"
2019,Solar Thermal and Photovoltaic,"43,728"
2019,Other Biomass,"111,333"
2019,Wind,"6,677,261"
2019,Wood and Wood Derived Fuels,"1,430,907"
