Full name,Sortable name,Canvas user id,Overall course grade,Assignment on time percent,Last page view time,Last participation time,Page Views,Participations,Email,SIS Id
Howard Banks,"Banks, Howard",918300000549965268,87.38992905824257,89.34286061344585,"Oct 7, 2020","Oct 7, 2020",1128,32,banksh7576@fakeuniversity.edu,UNIV11656938
Carlo Moss,"Moss, Carlo",918300000974163854,71.98356992707839,78.10288003182372,"Oct 7, 2020","Sep 28, 2020",206,18,mossc2412@fakeuniversity.edu,UNIV11688034
Crystal Robison,"Robison, Crystal",918300000173460809,94.03787874420516,92.31837671370793,"Oct 7, 2020","Oct 5, 2020",523,26,robisonc2534@fakeuniversity.edu,UNIV11636436
Cynthia Royal,"Royal, Cynthia",918300000541874141,83.77080300330286,86.87186457640202,"Oct 7, 2020","Oct 5, 2020",427,31,royalc8447@fakeuniversity.edu,UNIV11694751
Yolanda Davis,"Davis, Yolanda",918300000550808975,76.98511777784043,81.86317592730191,"Oct 6, 2020","Sep 29, 2020",384,23,davisy3880@fakeuniversity.edu,UNIV11649927
Gregory Bellamy,"Bellamy, Gregory",918300000951508393,82.4541553535947,84.17955489728548,"Oct 7, 2020","Oct 5, 2020",581,30,bellamyg8652@fakeuniversity.edu,UNIV11668917
Joann Buntin,"Buntin, Joann",918300000522606472,90.4423763733231,84.67324830385947,"Oct 7, 2020","Oct 7, 2020",569,25,buntinj2679@fakeuniversity.edu,UNIV11692046
Kelly Strawderman,"Strawderman, Kelly",918300000114431152,86.48133433600249,95.45388047914028,"Oct 7, 2020","Oct 5, 2020",457,24,strawdermank2750@fakeuniversity.edu,UNIV11693711
Ann Howard,"Howard, Ann",918300000459715835,80.36927637382364,96.25469055373603,"Oct 7, 2020","Oct 5, 2020",480,24,howarda6440@fakeuniversity.edu,UNIV11666114
Robert Lee,"Lee, Robert",918300000512829179,98.90295118586128,88.74387356155314,"Oct 7, 2020","Oct 7, 2020",1005,27,leer8751@fakeuniversity.edu,UNIV11698725
Shirley Yamada,"Yamada, Shirley",918300000250278137,84.97678964691286,87.63606568079643,"Oct 7, 2020","Oct 5, 2020",263,28,yamadas8318@fakeuniversity.edu,UNIV11647636
Herbert Hopkins,"Hopkins, Herbert",918300000413452858,66.93975471865143,68.62042720387018,"Oct 5, 2020","Sep 28, 2020",188,16,hopkinsh6332@fakeuniversity.edu,UNIV11688948
Margaret Lyle,"Lyle, Margaret",918300000560077561,75.80645105586748,68.00184676870411,"Oct 6, 2020","Oct 5, 2020",533,29,lylem9404@fakeuniversity.edu,UNIV11645275
William Harrington,"Harrington, William",918300000509870712,96.33548189923164,88.55840642231183,"Oct 7, 2020","Oct 5, 2020",725,24,harringtonw6960@fakeuniversity.edu,UNIV11652529
Elizabeth Mclean,"Mclean, Elizabeth",918300000355423603,92.26653916732049,78.4038065603422,"Oct 7, 2020","Oct 5, 2020",587,25,mcleane9343@fakeuniversity.edu,UNIV11641684
Julian Ackerman,"Ackerman, Julian",918300000557663897,75.7954672959607,85.09412667931085,"Oct 5, 2020","Oct 5, 2020",184,14,ackermanj7004@fakeuniversity.edu,UNIV11620132
Moses Robinson,"Robinson, Moses",918300000103845575,95.57321641439613,91.62327676931493,"Oct 7, 2020","Oct 5, 2020",303,25,robinsonm5188@fakeuniversity.edu,UNIV11646946
Catherine Chupp,"Chupp, Catherine",918300000139146572,93.4128416686398,96.23446067908914,"Oct 7, 2020","Oct 5, 2020",609,25,chuppc8713@fakeuniversity.edu,UNIV11658659
Bridgett Milla,"Milla, Bridgett",918300000980583265,83.48756780324292,77.21024676755283,"Oct 5, 2020","Sep 28, 2020",253,17,millab4121@fakeuniversity.edu,UNIV11663348
Michael Hughes,"Hughes, Michael",918300000562289354,99.02911139007809,96.17715408787599,"Oct 7, 2020","Oct 5, 2020",849,27,hughesm9628@fakeuniversity.edu,UNIV11632359
Victor Heaton,"Heaton, Victor",918300000463142756,84.5815510333026,95.7878313164711,"Oct 5, 2020","Oct 5, 2020",254,31,heatonv9864@fakeuniversity.edu,UNIV11638467
Robert Macdonald,"Macdonald, Robert",918300000903050880,95.51688834543974,96.39119418438453,"Oct 7, 2020","Oct 7, 2020",500,31,macdonaldr8532@fakeuniversity.edu,UNIV11621591
Erica Brothers,"Brothers, Erica",918300000923650329,92.1063699021404,91.13661457882435,"Oct 6, 2020","Oct 5, 2020",370,26,brotherse5210@fakeuniversity.edu,UNIV11621992
Mary Prescott,"Prescott, Mary",918300000267090022,85.73234115943217,79.009703159304,"Oct 5, 2020","Oct 5, 2020",330,22,prescottm6829@fakeuniversity.edu,UNIV11659676
Calvin Deblois,"Deblois, Calvin",918300000127699681,86.1485241817869,91.76183281946835,"Oct 7, 2020","Oct 5, 2020",648,25,debloisc6724@fakeuniversity.edu,UNIV11668330
Basil Wall,"Wall, Basil",918300000170369084,89.72874137768618,96.10223125977775,"Oct 6, 2020","Oct 5, 2020",536,22,wallb8090@fakeuniversity.edu,UNIV11663038
Mary Percell,"Percell, Mary",918300000163820713,95.78228243356325,88.48286277990545,"Oct 7, 2020","Oct 5, 2020",555,26,percellm8050@fakeuniversity.edu,UNIV11685207
Justin Cisneros,"Cisneros, Justin",918300000561357666,99.33213509344425,91.95264499031288,"Oct 7, 2020","Oct 5, 2020",1340,23,cisnerosj4876@fakeuniversity.edu,UNIV11664269
Walter Simmons,"Simmons, Walter",918300000402862299,67.04323041503358,73.78484867371364,"Oct 6, 2020","Oct 5, 2020",495,23,simmonsw3583@fakeuniversity.edu,UNIV11642392
Kenneth Moriarity,"Moriarity, Kenneth",918300000520004594,99.13299572932264,92.14848676726373,"Oct 7, 2020","Oct 5, 2020",523,24,moriarityk4783@fakeuniversity.edu,UNIV11663853
James Castillo,"Castillo, James",918300000647905965,63.727431463408955,70.84423794769963,"Oct 7, 2020","Oct 5, 2020",323,27,castilloj6423@fakeuniversity.edu,UNIV11678553
Kathleen Nichols,"Nichols, Kathleen",918300000976366081,80.6688823559375,87.45504486539592,"Oct 7, 2020","Sep 28, 2020",422,19,nicholsk4498@fakeuniversity.edu,UNIV11636508
James Croteau,"Croteau, James",918300000891388834,95.18275755355897,92.12895930809063,"Oct 7, 2020","Oct 5, 2020",582,25,croteauj5077@fakeuniversity.edu,UNIV11627626
David Kees,"Kees, David",918300000729806730,94.91971663557462,83.30810864301273,"Oct 7, 2020","Oct 5, 2020",1496,25,keesd6699@fakeuniversity.edu,UNIV11629611
Daniel Dougan,"Dougan, Daniel",918300000845384398,84.97185999691926,91.65495004184554,"Oct 7, 2020","Oct 7, 2020",806,31,dougand4030@fakeuniversity.edu,UNIV11644213
Rachel Ali,"Ali, Rachel",918300000298290065,97.61526504131194,92.88088946155942,"Oct 7, 2020","Oct 5, 2020",767,28,alir1962@fakeuniversity.edu,UNIV11679329
Sung Nyman,"Nyman, Sung",918300000870519128,80.80780338949704,90.19489195576749,"Oct 7, 2020","Sep 28, 2020",304,17,nymans8435@fakeuniversity.edu,UNIV11644244
Clyde Hernandez,"Hernandez, Clyde",918300000996168447,97.59001522374822,95.5133099049403,"Oct 7, 2020","Oct 5, 2020",310,25,hernandezc8080@fakeuniversity.edu,UNIV11647364
John Nelson,"Nelson, John",918300000423969424,95.35019512238159,88.08880607011712,"Oct 7, 2020","Oct 7, 2020",360,27,nelsonj6727@fakeuniversity.edu,UNIV11695207
Robin Thomas,"Thomas, Robin",918300000506092834,74.36672263364751,91.0137847804118,"Oct 7, 2020","Sep 30, 2020",680,25,thomasr4325@fakeuniversity.edu,UNIV11640537
Dwight Crowley,"Crowley, Dwight",918300000122488691,94.20123559626762,88.51087811428823,"Oct 7, 2020","Oct 5, 2020",455,28,crowleyd9315@fakeuniversity.edu,UNIV11647226
Denise Adkins,"Adkins, Denise",918300000368784970,78.73230202207469,96.01135447018198,"Oct 6, 2020","Oct 5, 2020",508,26,adkinsd1330@fakeuniversity.edu,UNIV11665021
Michael Mccarty,"Mccarty, Michael",918300000353796656,83.26297319052478,68.2005281299804,"Oct 7, 2020","Sep 28, 2020",878,20,mccartym7862@fakeuniversity.edu,UNIV11682523
Brittni Highbaugh,"Highbaugh, Brittni",918300000581583717,95.79230291809496,92.51011739555034,"Oct 7, 2020","Oct 5, 2020",411,29,highbaughb3788@fakeuniversity.edu,UNIV11617419
Dewayne Fields,"Fields, Dewayne",918300000183568445,91.4486638476747,92.90073384837945,"Oct 7, 2020","Oct 5, 2020",530,27,fieldsd1408@fakeuniversity.edu,UNIV11653380
Lloyd Stewart,"Stewart, Lloyd",918300000568634650,76.4586282978767,77.44471688949362,"Oct 5, 2020","Sep 28, 2020",352,20,stewartl9130@fakeuniversity.edu,UNIV11611266
Bruce Pro,"Pro, Bruce",918300000226526198,76.23147554471934,87.4841758671223,"Oct 7, 2020","Oct 5, 2020",317,22,prob6951@fakeuniversity.edu,UNIV11652874
Charles Rivera,"Rivera, Charles",918300000876930372,95.7281381413424,91.8172273429226,"Oct 7, 2020","Oct 5, 2020",731,23,riverac8242@fakeuniversity.edu,UNIV11644253
Jessica Mcchristian,"Mcchristian, Jessica",918300000982047187,99.22310781944806,95.8657501033427,"Oct 7, 2020","Oct 5, 2020",234,23,mcchristianj6613@fakeuniversity.edu,UNIV11645122
Albert Stewart,"Stewart, Albert",918300000332090844,85.68525756643875,92.92664036023145,"Oct 7, 2020","Oct 5, 2020",462,24,stewarta1910@fakeuniversity.edu,UNIV11659799
Robin Reisinger,"Reisinger, Robin",918300000348805371,99.46872203067659,95.62608615677341,"Oct 5, 2020","Oct 5, 2020",684,26,reisingerr4876@fakeuniversity.edu,UNIV11612366
George Mclelland,"Mclelland, George",918300000543504559,71.19687070273768,58.932011598006234,"Oct 5, 2020","Oct 5, 2020",236,24,mclellandg3693@fakeuniversity.edu,UNIV11654216
Phillip Garland,"Garland, Phillip",918300000148367966,99.81788389313472,91.54315544637873,"Oct 7, 2020","Oct 5, 2020",466,24,garlandp9599@fakeuniversity.edu,UNIV11612360
Gustavo Collier,"Collier, Gustavo",918300000246213564,98.54939544776632,91.72097938846193,"Oct 7, 2020","Oct 7, 2020",342,26,collierg5486@fakeuniversity.edu,UNIV11630379
Justin Scaglione,"Scaglione, Justin",918300000887268564,93.9458166791047,91.88608741589422,"Oct 7, 2020","Oct 5, 2020",784,27,scaglionej6297@fakeuniversity.edu,UNIV11610699
Darlene Christopher,"Christopher, Darlene",918300000601818666,98.49980678479302,96.43288744201844,"Oct 7, 2020","Oct 5, 2020",799,39,christopherd2357@fakeuniversity.edu,UNIV11678703
Micah Gary,"Gary, Micah",918300000381896831,61.274714864993506,59.273979052905375,"Oct 7, 2020","Oct 5, 2020",305,13,garym6522@fakeuniversity.edu,UNIV11649031
Solomon Gonzalez,"Gonzalez, Solomon",918300000393426108,90.63843194708734,95.93433663837142,"Oct 7, 2020","Oct 5, 2020",309,23,gonzalezs1219@fakeuniversity.edu,UNIV11653454
Jessica Gonzales,"Gonzales, Jessica",918300000430940014,65.51960748123616,74.85040388636737,"Oct 7, 2020","Oct 5, 2020",220,15,gonzalesj4868@fakeuniversity.edu,UNIV11642729
Juan Jones,"Jones, Juan",918300000854123629,92.43545116049552,96.16580056736039,"Oct 7, 2020","Oct 5, 2020",363,28,jonesj3537@fakeuniversity.edu,UNIV11636714
Abigail Orgain,"Orgain, Abigail",918300000459032043,75.21983504821685,91.32205275037585,"Oct 5, 2020","Oct 5, 2020",191,25,orgaina7469@fakeuniversity.edu,UNIV11686101
Annette Smith,"Smith, Annette",918300000497802928,87.63942916561307,95.47652595990391,"Oct 7, 2020","Sep 28, 2020",404,22,smitha3463@fakeuniversity.edu,UNIV11669795
James Hansen,"Hansen, James",918300000924973760,99.25288188667507,96.34502966153573,"Oct 7, 2020","Oct 5, 2020",410,24,hansenj4876@fakeuniversity.edu,UNIV11665274
Lauren Pierce,"Pierce, Lauren",918300000170077587,87.34304283128294,87.53928688360762,"Oct 7, 2020","Oct 5, 2020",677,30,piercel3389@fakeuniversity.edu,UNIV11612766
Sylvia Craven,"Craven, Sylvia",918300000364438805,84.19379787027013,92.22465537024584,"Oct 7, 2020","Oct 5, 2020",584,28,cravens3420@fakeuniversity.edu,UNIV11617208
Carolyn Leek,"Leek, Carolyn",918300000591961619,79.60390655543006,95.54394249221973,"Oct 6, 2020","Oct 5, 2020",368,20,leekc9206@fakeuniversity.edu,UNIV11647450
William Rojas,"Rojas, William",918300000209913649,89.29495541971353,87.65972269018182,"Oct 7, 2020","Oct 5, 2020",539,28,rojasw4053@fakeuniversity.edu,UNIV11648975
Edna Tumlin,"Tumlin, Edna",918300000564054964,77.49210208892465,72.58604188200908,"Oct 5, 2020","Oct 5, 2020",504,23,tumline2550@fakeuniversity.edu,UNIV11693726
Kathleen Dobransky,"Dobransky, Kathleen",918300000435801279,94.35910896220653,95.96035643307742,"Oct 7, 2020","Oct 7, 2020",1465,32,dobranskyk5743@fakeuniversity.edu,UNIV11691808
Adrian Quirk,"Quirk, Adrian",918300000618024887,96.49800123059408,91.4233938737877,"Oct 6, 2020","Oct 5, 2020",795,27,quirka5100@fakeuniversity.edu,UNIV11641872
Joseph Villegas,"Villegas, Joseph",918300000510796963,99.14153044300751,91.46581828803896,"Oct 7, 2020","Oct 7, 2020",854,25,villegasj3637@fakeuniversity.edu,UNIV11694902
Carl Livingston,"Livingston, Carl",918300000672836090,83.2515383850596,80.91031032471332,"Oct 5, 2020","Oct 5, 2020",429,23,livingstonc1887@fakeuniversity.edu,UNIV11619529
Pat Espinoza,"Espinoza, Pat",918300000255881908,93.2995165990916,95.88689018335847,"Oct 7, 2020","Oct 5, 2020",519,24,espinozap4785@fakeuniversity.edu,UNIV11697700
